<?xml version="1.0" encoding="UTF-8"?>
<beans xmlns="http://www.springframework.org/schema/beans"
	xmlns:xsi="http://www.w3.org/2001/XMLSchema-instance" 
	xmlns:context="http://www.springframework.org/schema/context"
	xmlns:aop="http://www.springframework.org/schema/aop"
	xmlns:tx="http://www.springframework.org/schema/tx"
	xsi:schemaLocation="http://www.springframework.org/schema/beans http://www.springframework.org/schema/beans/spring-beans-2.5.xsd
				http://www.springframework.org/schema/context http://www.springframework.org/schema/context/spring-context-2.5.xsd
				http://www.springframework.org/schema/aop http://www.springframework.org/schema/aop/spring-aop-2.5.xsd
				http://www.springframework.org/schema/tx http://www.springframework.org/schema/tx/spring-tx-2.5.xsd">



	<bean id="sessionFactory" class="org.springframework.orm.hibernate3.LocalSessionFactoryBean">
		<!-- 加载hibernate.cfg.xml配置文件 -->
		<property name="configLocation" value="classpath:hibernate.cfg.xml"></property>
	</bean>

	<bean id="hibernateTemplate" class="org.springframework.orm.hibernate3.HibernateTemplate">
		<property name="sessionFactory" ref="sessionFactory"></property>
	</bean>
	
	<!-- 配置事务管理器 -->
	<bean id="txManager" class="org.springframework.orm.hibernate3.HibernateTransactionManager">
		<property name="sessionFactory" ref="sessionFactory"></property>
	</bean>
	
	<!-- 为各种方法设置自动提交事务 -->
	<tx:advice id="txAdvice" transaction-manager="txManager">
		<tx:attributes>
			<tx:method name="save*"/>	
			<tx:method name="update*"/>
			<tx:method name="delete*"/>
			<tx:method name="find*" read-only="true"/>
		</tx:attributes>
	</tx:advice>
	
	
	<!-- 为service层的所有方法添加一些公共功能，比如:日志、安全验证等 -->
	<aop:config>
		<aop:advisor advice-ref="txAdvice" pointcut="execution(* com.tiedao.service..*.*(..))"/>
	</aop:config>
	
	
</beans>