<?xml version="1.0"?>
<!DOCTYPE hibernate-mapping PUBLIC 
	"-//Hibernate/Hibernate Mapping DTD 3.0//EN"
	"http://hibernate.sourceforge.net/hibernate-mapping-3.0.dtd">
<hibernate-mapping package="com.tiedao.pojo">
	<class name="Order" table="tb_order">
		<!-- 主键 -->
		<id name="id" type="int" column="id">
			<generator class="sequence">
				<param name="sequence">tb_order_seq</param>
			</generator>
		</id>
		
		<property name="odate" type="date"/>
		<property name="total" type="double"/>
		<property name="state" type="integer"/>
		
		<many-to-one name="user" column="user_id" class="User" fetch="select" lazy="false"/>
		<many-to-one name="product" class="Product" column="product_id" unique="true" fetch="select" lazy="false"/>
		
		
	</class>
</hibernate-mapping>
