<?xml version="1.0"?>
<!DOCTYPE hibernate-mapping PUBLIC 
	"-//Hibernate/Hibernate Mapping DTD 3.0//EN"
	"http://hibernate.sourceforge.net/hibernate-mapping-3.0.dtd">
<hibernate-mapping package="com.tiedao.pojo">
	<class name="ProductAssess" table="tb_productAssess">
		<!-- 主键 -->
		<id name="id" type="int" column="id">
			<generator class="sequence">
				<param name="sequence">tb_product_assess_seq</param>
			</generator>
		</id>
		<property name="content"/>
		<property name="pdate" type="date"/>
		
		<many-to-one name="product" column="product_id" class="Product" fetch="select" lazy="false"
									/>
		<many-to-one name="user" column="product_id" class="User" fetch="select" lazy="false"
									insert="false" update="false"/>
		
	</class>
</hibernate-mapping>
