<?xml version="1.0"?>
<!DOCTYPE hibernate-mapping PUBLIC 
	"-//Hibernate/Hibernate Mapping DTD 3.0//EN"
	"http://hibernate.sourceforge.net/hibernate-mapping-3.0.dtd">
<hibernate-mapping package="com.tiedao.pojo">
	<class name="Rent" table="tb_rent">
		<!-- 主键 -->
		<id name="id" type="int" column="id">
			<generator class="sequence">
				<param name="sequence">tb_rent_seq</param>
			</generator>
		</id>
		<property name="title" />
		<property name="rentFree" type="double"/>
		<property name="deposit" type="double"/>
		<property name="quantity" type="integer"/>
		<property name="photoPath" />
		<property name="infor" />
		<property name="rdate" type="date"/>
		
		<many-to-one name="user" column="user_id" class="User" fetch="select" lazy="false" />
		
		
	</class>
</hibernate-mapping>
